h,r,original,replacement,augmented_U,augmented_V
0,0,00000,00000,00000,00000
0,1,00000,00000,00000,00000
0,2,03ffc,fffff,07ffe,07ffe
0,3,fffff,fffff,0fffe,0fffe
0,4,fffff,fffff,1fffe,1fffe
0,5,fffff,fffff,3fffe,3fffe
0,6,fffff,fffff,7fffe,7fffe
0,7,fffff,fffff,ffffe,ffffe
0,8,fffff,fffff,ffffe,ffffe
0,9,fffff,fffff,ffffe,ffffe
0,10,fffff,fffff,ffffe,ffffe
0,11,fffff,fffff,ffffe,ffffe
0,12,fffff,fffff,ffffe,ffffe
0,13,fffff,fffff,ffffe,ffffe
0,14,fffff,fffff,ffffc,ffffc
0,15,fffff,fffff,ffff8,ffff8
0,16,fffff,fffff,ffff0,ffff0
0,17,fffff,fffff,fffe0,fffe0
0,18,7ff80,fffff,fffc0,fffc0
0,19,00000,00000,00000,00000
1,0,00000,00000,00000,00000
1,1,00000,00000,00000,00000
1,2,03ffc,fffff,000fe,07f00
1,3,fffff,fffff,0fffe,0fffc
1,4,fffff,fffff,1fffe,1fffc
1,5,fffff,fffff,3fffe,3fffc
1,6,fffff,fffff,7fffe,7fffc
1,7,fffff,fffff,ffffe,ffffc
1,8,fffff,fffff,ffffe,ffffd
1,9,fffff,fffff,ffffe,ffffd
1,10,fffff,fffff,ffffe,ffffd
1,11,fffff,fffff,ffffe,ffffd
1,12,fffff,fffff,ffffe,ffffd
1,13,fffff,fffff,ffffe,ffffd
1,14,fffff,fffff,ffffc,ffffd
1,15,fffff,fffff,ffff8,ffff9
1,16,fffff,fffff,ffff0,ffff1
1,17,fffff,fffff,fffe0,fffe1
1,18,fffff,fffff,fffc0,fffc1
1,19,fff00,fffff,03f80,fc001
2,0,00000,00000,00000,00000
2,1,00000,00000,00000,00000
2,2,00000,00000,00000,00000
2,3,fffff,fffff,001fe,0ff00
2,4,fffff,fffff,1fffe,1fff8
2,5,fffff,fffff,3fffe,3fff8
2,6,fffff,fffff,7fffe,7fff8
2,7,fffff,fffff,ffffe,ffff8
2,8,fffff,fffff,ffffe,ffff9
2,9,fffff,fffff,ffffe,ffffb
2,10,fffff,fffff,ffffe,ffffb
2,11,fffff,fffff,ffffe,ffffb
2,12,fffff,fffff,ffffe,ffffb
2,13,fffff,fffff,ffffe,ffffb
2,14,fffff,fffff,ffffc,ffffb
2,15,fffff,fffff,ffff8,ffffb
2,16,fffff,fffff,ffff0,ffff3
2,17,fffff,fffff,fffe0,fffe3
2,18,fffff,fffff,fffc0,fffc3
2,19,fffff,fffff,07f80,fc003
3,0,00000,00000,00000,00000
3,1,00000,00000,00000,00000
3,2,00000,00000,00000,00000
3,3,00000,00000,00000,00000
3,4,fffff,fffff,003fe,1ff00
3,5,fffff,fffff,3fffe,3fff0
3,6,fffff,fffff,7fffe,7fff0
3,7,fffff,fffff,ffffe,ffff0
3,8,fffff,fffff,ffffe,ffff1
3,9,fffff,fffff,ffffe,ffff3
3,10,fffff,fffff,ffffe,ffff7
3,11,fffff,fffff,ffffe,ffff7
3,12,fffff,fffff,ffffe,ffff7
3,13,fffff,fffff,ffffe,ffff7
3,14,fffff,fffff,ffffc,ffff7
3,15,fffff,fffff,ffff8,ffff7
3,16,fffff,fffff,ffff0,ffff7
3,17,fffff,fffff,fffe0,fffe7
3,18,fffff,fffff,fffc0,fffc7
3,19,fffff,fffff,0ff80,fc007
4,0,00000,00000,00000,00000
4,1,00000,00000,00000,00000
4,2,00000,00000,00000,00000
4,3,00000,00000,00000,00000
4,4,00000,00000,00000,00000
4,5,fffff,fffff,007fe,3ff00
4,6,fffff,fffff,7fffe,7ffe0
4,7,fffff,fffff,ffffe,fffe0
4,8,fffff,fffff,ffffe,fffe1
4,9,fffff,fffff,ffffe,fffe3
4,10,fffff,fffff,ffffe,fffe7
4,11,fffff,fffff,ffffe,fffef
4,12,fffff,fffff,ffffe,fffef
4,13,fffff,fffff,ffffe,fffef
4,14,fffff,fffff,ffffc,fffef
4,15,fffff,fffff,ffff8,fffef
4,16,fffff,fffff,ffff0,fffef
4,17,fffff,fffff,fffe0,fffef
4,18,fffff,fffff,fffc0,fffcf
4,19,fffff,fffff,1ff80,fc00f
5,0,00000,00000,00000,00000
5,1,00000,00000,00000,00000
5,2,00000,00000,00000,00000
5,3,00000,00000,00000,00000
5,4,00000,00000,00000,00000
5,5,00000,00000,00000,00000
5,6,fffff,fffff,00ffe,7ff00
5,7,fffff,fffff,ffffe,fffc0
5,8,fffff,fffff,ffffe,fffc1
5,9,fffff,fffff,ffffe,fffc3
5,10,fffff,fffff,ffffe,fffc7
5,11,fffff,fffff,ffffe,fffcf
5,12,fffff,fffff,ffffe,fffdf
5,13,fffff,fffff,ffffe,fffdf
5,14,fffff,fffff,ffffc,fffdf
5,15,fffff,fffff,ffff8,fffdf
5,16,fffff,fffff,ffff0,fffdf
5,17,fffff,fffff,fffe0,fffdf
5,18,fffff,fffff,fffc0,fffdf
5,19,fffff,fffff,3ff80,fc01f
6,0,00000,00000,00000,00000
6,1,00000,00000,00000,00000
6,2,00000,00000,00000,00000
6,3,00000,00000,00000,00000
6,4,00000,00000,00000,00000
6,5,00000,00000,00000,00000
6,6,00000,00000,00000,00000
6,7,fffff,fffff,01ffe,fff00
6,8,fffff,fffff,03ffe,fff01
6,9,fffff,fffff,07ffe,fff03
6,10,fffff,fffff,0fffe,fff07
6,11,fffff,fffff,1fffe,fff0f
6,12,fffff,fffff,3fffe,fff1f
6,13,fffff,fffff,7fffe,fff3f
6,14,fffff,fffff,7fffc,ffe3f
6,15,fffff,fffff,7fff8,ffc3f
6,16,fffff,fffff,7fff0,ff83f
6,17,fffff,fffff,7ffe0,ff03f
6,18,fffff,fffff,7ffc0,fe03f
6,19,fffff,fffff,7ff80,fc03f
7,0,00000,00000,00000,00000
7,1,00000,00000,00000,00000
7,2,00000,00000,00000,00000
7,3,00000,00000,00000,00000
7,4,00000,00000,00000,00000
7,5,00000,00000,00000,00000
7,6,00000,00000,00000,00000
7,7,00000,00000,00000,00000
7,8,fffff,fffff,03ffc,ffe01
7,9,fffff,fffff,07ffc,ffe03
7,10,fffff,fffff,0fffc,ffe07
7,11,fffff,fffff,1fffc,ffe0f
7,12,fffff,fffff,3fffc,ffe1f
7,13,fffff,fffff,7fffc,ffe3f
7,14,fffff,fffff,7fffc,ffe3f
7,15,fffff,fffff,7fff8,ffc3f
7,16,fffff,fffff,7fff0,ff83f
7,17,fffff,fffff,7ffe0,ff03f
7,18,fffff,fffff,7ffc0,fe03f
7,19,fffff,fffff,7ff80,fc03f
8,0,00000,00000,00000,00000
8,1,fffff,fffff,03ffc,f807f
8,2,fffff,fffff,03ffc,f807f
8,3,fffff,fffff,03ffc,f807f
8,4,fffff,fffff,03ffc,f807f
8,5,fffff,fffff,03ffc,f807f
8,6,fffff,fffff,03ffc,f807f
8,7,fffff,fffff,03ffc,f807f
8,8,00000,00000,00000,00000
8,9,fffff,fffff,07ff8,ffc03
8,10,fffff,fffff,0fff8,ffc07
8,11,fffff,fffff,1fff8,ffc0f
8,12,fffff,fffff,3fff8,ffc1f
8,13,fffff,fffff,7fff8,ffc3f
8,14,fffff,fffff,7fff8,ffc3f
8,15,fffff,fffff,7fff8,ffc3f
8,16,fffff,fffff,7fff0,ff83f
8,17,fffff,fffff,7ffe0,ff03f
8,18,fffff,fffff,7ffc0,fe03f
8,19,fffff,fffff,7ff80,fc03f
9,0,00000,00000,00000,00000
9,1,fffff,fffff,03ffc,f807f
9,2,fffff,fffff,07ffc,f80ff
9,3,fffff,fffff,07ffc,f80ff
9,4,fffff,fffff,07ffc,f80ff
9,5,fffff,fffff,07ffc,f80ff
9,6,fffff,fffff,07ffc,f80ff
9,7,fffff,fffff,07ffc,f80ff
9,8,fffff,fffff,07ff8,f00ff
9,9,00000,00000,00000,00000
9,10,fffff,fffff,0fff0,ff807
9,11,fffff,fffff,1fff0,ff80f
9,12,fffff,fffff,3fff0,ff81f
9,13,fffff,fffff,7fff0,ff83f
9,14,fffff,fffff,7fff0,ff83f
9,15,fffff,fffff,7fff0,ff83f
9,16,fffff,fffff,7fff0,ff83f
9,17,fffff,fffff,7ffe0,ff03f
9,18,fffff,fffff,7ffc0,fe03f
9,19,fffff,fffff,7ff80,fc03f
10,0,00000,00000,00000,00000
10,1,fffff,fffff,03ffc,f807f
10,2,fffff,fffff,07ffc,f80ff
10,3,fffff,fffff,0fffc,f81ff
10,4,fffff,fffff,0fffc,f81ff
10,5,fffff,fffff,0fffc,f81ff
10,6,fffff,fffff,0fffc,f81ff
10,7,fffff,fffff,0fffc,f81ff
10,8,fffff,fffff,0fff8,f01ff
10,9,fffff,fffff,0fff0,e01ff
10,10,00000,00000,00000,00000
10,11,fffff,fffff,1ffe0,ff00f
10,12,fffff,fffff,3ffe0,ff01f
10,13,fffff,fffff,7ffe0,ff03f
10,14,fffff,fffff,7ffe0,ff03f
10,15,fffff,fffff,7ffe0,ff03f
10,16,fffff,fffff,7ffe0,ff03f
10,17,fffff,fffff,7ffe0,ff03f
10,18,fffff,fffff,7ffc0,fe03f
10,19,fffff,fffff,7ff80,fc03f
