h,r,original_p_mask,J_count,JU_p_mask,JqV_count
0,0,00000,0,00000,0
0,1,00000,0,00000,0
0,2,03ffc,2,07ffe,0
0,3,fffff,12,0fffe,0
0,4,fffff,42,1fffe,0
0,5,fffff,112,3fffe,0
0,6,fffff,252,7fffe,0
0,7,fffff,504,ffffe,0
0,8,fffff,644,ffffe,0
0,9,fffff,712,ffffe,0
0,10,fffff,732,ffffe,0
0,11,fffff,712,ffffe,0
0,12,fffff,644,ffffe,0
0,13,fffff,504,ffffe,0
0,14,fffff,252,ffffc,0
0,15,fffff,112,ffff8,0
0,16,fffff,42,ffff0,0
0,17,fffff,12,fffe0,0
0,18,7ff80,2,fffc0,0
0,19,00000,0,00000,0
1,0,00000,0,00000,0
1,1,00000,0,00000,0
1,2,03ffc,1,000fe,0
1,3,fffff,7,0fffe,0
1,4,fffff,27,1fffe,0
1,5,fffff,77,3fffe,0
1,6,fffff,182,7fffe,0
1,7,fffff,378,ffffe,0
1,8,fffff,574,ffffe,21
1,9,fffff,678,ffffe,36
1,10,fffff,722,ffffe,46
1,11,fffff,722,ffffe,52
1,12,fffff,678,ffffe,55
1,13,fffff,574,ffffe,56
1,14,fffff,378,ffffc,56
1,15,fffff,182,ffff8,35
1,16,fffff,77,ffff0,20
1,17,fffff,27,fffe0,10
1,18,fffff,7,fffc0,4
1,19,fff00,1,03f80,1
2,0,00000,0,00000,0
2,1,00000,0,00000,0
2,2,00000,0,00000,0
2,3,fffff,4,001fe,0
2,4,fffff,19,1fffe,0
2,5,fffff,58,3fffe,0
2,6,fffff,142,7fffe,0
2,7,fffff,302,ffffe,0
2,8,fffff,463,ffffe,21
2,9,fffff,623,ffffe,71
2,10,fffff,703,ffffe,105
2,11,fffff,727,ffffe,126
2,12,fffff,703,ffffe,137
2,13,fffff,623,ffffe,141
2,14,fffff,463,ffffc,141
2,15,fffff,302,ffff8,120
2,16,fffff,142,ffff0,70
2,17,fffff,58,fffe0,36
2,18,fffff,19,fffc0,15
2,19,fffff,4,07f80,4
3,0,00000,0,00000,0
3,1,00000,0,00000,0
3,2,00000,0,00000,0
3,3,00000,0,00000,0
3,4,fffff,10,003fe,0
3,5,fffff,41,3fffe,0
3,6,fffff,111,7fffe,0
3,7,fffff,247,ffffe,0
3,8,fffff,387,ffffe,21
3,9,fffff,527,ffffe,71
3,10,fffff,663,ffffe,147
3,11,fffff,723,ffffe,195
3,12,fffff,723,ffffe,221
3,13,fffff,663,ffffe,231
3,14,fffff,527,ffffc,231
3,15,fffff,387,ffff8,210
3,16,fffff,247,ffff0,160
3,17,fffff,111,fffe0,84
3,18,fffff,41,fffc0,36
3,19,fffff,10,0ff80,10
4,0,00000,0,00000,0
4,1,00000,0,00000,0
4,2,00000,0,00000,0
4,3,00000,0,00000,0
4,4,00000,0,00000,0
4,5,fffff,20,007fe,0
4,6,fffff,76,7fffe,0
4,7,fffff,192,ffffe,0
4,8,fffff,318,ffffe,21
4,9,fffff,447,ffffe,71
4,10,fffff,573,ffffe,147
4,11,fffff,689,ffffe,237
4,12,fffff,725,ffffe,287
4,13,fffff,689,ffffe,307
4,14,fffff,573,ffffc,307
4,15,fffff,447,ffff8,286
4,16,fffff,318,ffff0,236
4,17,fffff,192,fffe0,160
4,18,fffff,76,fffc0,70
4,19,fffff,20,1ff80,20
5,0,00000,0,00000,0
5,1,00000,0,00000,0
5,2,00000,0,00000,0
5,3,00000,0,00000,0
5,4,00000,0,00000,0
5,5,00000,0,00000,0
5,6,fffff,35,00ffe,0
5,7,fffff,127,ffffe,0
5,8,fffff,239,ffffe,21
5,9,fffff,360,ffffe,71
5,10,fffff,481,ffffe,147
5,11,fffff,593,ffffe,237
5,12,fffff,685,ffffe,322
5,13,fffff,685,ffffe,357
5,14,fffff,593,ffffc,357
5,15,fffff,481,ffff8,336
5,16,fffff,360,ffff0,286
5,17,fffff,239,fffe0,210
5,18,fffff,127,fffc0,120
5,19,fffff,35,3ff80,35
6,0,00000,0,00000,0
6,1,00000,0,00000,0
6,2,00000,0,00000,0
6,3,00000,0,00000,0
6,4,00000,0,00000,0
6,5,00000,0,00000,0
6,6,00000,0,00000,0
6,7,fffff,56,01ffe,0
6,8,fffff,147,03ffe,21
6,9,fffff,257,07ffe,71
6,10,fffff,373,0fffe,147
6,11,fffff,483,1fffe,237
6,12,fffff,574,3fffe,322
6,13,fffff,630,7fffe,378
6,14,fffff,574,7fffc,378
6,15,fffff,483,7fff8,357
6,16,fffff,373,7fff0,307
6,17,fffff,257,7ffe0,231
6,18,fffff,147,7ffc0,141
6,19,fffff,56,7ff80,56
7,0,00000,0,00000,0
7,1,00000,0,00000,0
7,2,00000,0,00000,0
7,3,00000,0,00000,0
7,4,00000,0,00000,0
7,5,00000,0,00000,0
7,6,00000,0,00000,0
7,7,00000,0,00000,0
7,8,fffff,56,03ffc,21
7,9,fffff,146,07ffc,71
7,10,fffff,252,0fffc,147
7,11,fffff,358,1fffc,237
7,12,fffff,448,3fffc,322
7,13,fffff,504,7fffc,378
7,14,fffff,504,7fffc,378
7,15,fffff,448,7fff8,357
7,16,fffff,358,7fff0,307
7,17,fffff,252,7ffe0,231
7,18,fffff,146,7ffc0,141
7,19,fffff,56,7ff80,56
8,0,00000,0,00000,0
8,1,fffff,21,03ffc,21
8,2,fffff,21,03ffc,21
8,3,fffff,21,03ffc,21
8,4,fffff,21,03ffc,21
8,5,fffff,21,03ffc,21
8,6,fffff,21,03ffc,21
8,7,fffff,21,03ffc,21
8,8,00000,0,00000,0
8,9,fffff,55,07ff8,35
8,10,fffff,141,0fff8,101
8,11,fffff,237,1fff8,185
8,12,fffff,323,3fff8,267
8,13,fffff,378,7fff8,322
8,14,fffff,378,7fff8,322
8,15,fffff,378,7fff8,322
8,16,fffff,323,7fff0,287
8,17,fffff,237,7ffe0,221
8,18,fffff,141,7ffc0,137
8,19,fffff,55,7ff80,55
9,0,00000,0,00000,0
9,1,fffff,36,03ffc,36
9,2,fffff,72,07ffc,71
9,3,fffff,72,07ffc,71
9,4,fffff,72,07ffc,71
9,5,fffff,72,07ffc,71
9,6,fffff,72,07ffc,71
9,7,fffff,72,07ffc,71
9,8,fffff,36,07ff8,35
9,9,00000,0,00000,0
9,10,fffff,52,0fff0,42
9,11,fffff,129,1fff0,111
9,12,fffff,206,3fff0,185
9,13,fffff,258,7fff0,237
9,14,fffff,258,7fff0,237
9,15,fffff,258,7fff0,237
9,16,fffff,258,7fff0,237
9,17,fffff,206,7ffe0,195
9,18,fffff,129,7ffc0,126
9,19,fffff,52,7ff80,52
10,0,00000,0,00000,0
10,1,fffff,46,03ffc,46
10,2,fffff,107,07ffc,105
10,3,fffff,153,0fffc,147
10,4,fffff,153,0fffc,147
10,5,fffff,153,0fffc,147
10,6,fffff,153,0fffc,147
10,7,fffff,153,0fffc,147
10,8,fffff,107,0fff8,101
10,9,fffff,46,0fff0,42
10,10,00000,0,00000,0
10,11,fffff,46,1ffe0,42
10,12,fffff,107,3ffe0,101
10,13,fffff,153,7ffe0,147
10,14,fffff,153,7ffe0,147
10,15,fffff,153,7ffe0,147
10,16,fffff,153,7ffe0,147
10,17,fffff,153,7ffe0,147
10,18,fffff,107,7ffc0,105
10,19,fffff,46,7ff80,46
